,median,lq,uq,iqr
bt,5.08,3.73,6.95,3.22
density,3.23,1.73,5.5,3.77
speed,412.28,357.72,483.63,125.90999999999997
bx_gsm,-0.58,-3.2573396226386073,2.07,5.327339622638608
by_gsm,-0.02,-2.46,2.45,4.91
bz_gsm,-0.01,-1.84,1.82,3.66
smoothed_ssn,57.9,15.4,101.7,86.3
